[
  {
    "model": "users.user",
    "pk": 1,
    "fields": {
      "username": "김민서",
      "email": "seonghyeon45@ju.net",
      "is_doctor": false,
      "date_of_birth": "2006-01-01",
      "phone_number": "010-1234-5678",
      "password": "pbkdf2_sha256$260000$test$hash"
    }
  },
  {
    "model": "users.user",
    "pk": 2,
    "fields": {
      "username": "박서연",
      "email": "eunyeongju@dreamwiz.com",
      "is_doctor": false,
      "date_of_birth": "2000-01-01",
      "phone_number": "010-2345-6789",
      "password": "pbkdf2_sha260000$test$hash"
    }
  },
  {
    "model": "users.user",
    "pk": 3,
    "fields": {
      "username": "이지은",
      "email": "gimjeongung@live.com",
      "is_doctor": false,
      "date_of_birth": "1997-01-01",
      "phone_number": "010-3456-7890",
      "password": "pbkdf2_sha256$260000$test$hash"
    }
  },
  {
    "model": "users.user",
    "pk": 4,
    "fields": {
      "username": "최유진",
      "email": "jinho03@yuhanhoesa.net",
      "is_doctor": false,
      "date_of_birth": "2008-01-01",
      "phone_number": "010-4567-8901",
      "password": "pbkdf2_sha256$260000$test$hash"
    }
  },
  {
    "model": "users.user",
    "pk": 5,
    "fields": {
      "username": "정소민",
      "email": "gangyeeun@naver.com",
      "is_doctor": false,
      "date_of_birth": "1995-01-01",
      "phone_number": "010-5678-9012",
      "password": "pbkdf2_sha256$260000$test$hash"
    }
  },
  {
    "model": "users.user",
    "pk": 6,
    "fields": {
      "username": "한지영",
      "email": "xan@live.com",
      "is_doctor": false,
      "date_of_birth": "2004-01-01",
      "phone_number": "010-6789-0123",
      "password": "pbkdf2_sha256$260000$test$hash"
    }
  },
  {
    "model": "users.user",
    "pk": 7,
    "fields": {
      "username": "김미숙",
      "email": "gyeongsugu@jinbaggim.org",
      "is_doctor": true,
      "date_of_birth": "1970-01-01",
      "hospital": 1,
      "position": "전문의",
      "phone_number": "010-7890-1234",
      "password": "pbkdf2_sha256$260000$test$hash"
    }
  },
  {
    "model": "users.user",
    "pk": 8,
    "fields": {
      "username": "이정선",
      "email": "jaeho57@simgim.org",
      "is_doctor": true,
      "date_of_birth": "1977-01-01",
      "hospital": 2,
      "position": "전문의",
      "phone_number": "010-8901-2345",
      "password": "pbkdf2_sha256$260000$test$hash"
    }
  },
  {
    "model": "users.user",
    "pk": 9,
    "fields": {
      "username": "박선영",
      "email": "gangmigyeong@heogim.net",
      "is_doctor": true,
      "date_of_birth": "1989-01-01",
      "hospital": 3,
      "position": "전문의",
      "phone_number": "010-9012-3456",
      "password": "pbkdf2_sha256$260000$test$hash"
        }
  },
  {
    "model": "posts.post",
    "pk": 1,
    "fields": {
      "user": 3,
      "category": "성적자기결정권",
      "title": "성관계를 거절해도 되나요?",
      "content": "최근에 남자친구와 관계를 시작했는데, 제가 원하지 않을 때도 남자친구가 계속 요구해서 너무 부담스러워요. 성관계를 거절하는 게 맞는 건지, 제 감정을 어떻게 전달해야 할지 고민이 됩니다. 혹시 제가 거절하면 남자친구가 서운해할까 봐 걱정되기도 해요. 제 의사를 명확히 표현해도 괜찮을까요?",
      "created_at": "2025-06-12T06:15:00.901939",
      "updated_at": "2025-07-11T06:15:00.901957"
    }
  },
  {
    "model": "posts.post",
    "pk": 2,
    "fields": {
      "user": 7,
      "category": "성적자기결정권",
      "title": "원하지 않는 스킨십을 피하려면 어떻게 해야 하나요?",
      "content": "가끔 친구들이나 직장 동료들이 동의 없이 어깨를 주무르거나 허리를 만지는 경우가 있어요. 불쾌하지만 어떻게 반응해야 할지 몰라 얼어붙을 때가 많습니다. 상대방의 기분을 상하게 하지 않으면서 원치 않는 스킨십을 거절하는 효과적인 방법이 있을까요? 혹시 제가 오해하는 건 아닐까 하는 생각도 들어요.",
      "created_at": "2025-07-01T06:15:00.902037",
      "updated_at": "2025-07-11T06:15:00.902044"
    }
  },
  {
    "model": "posts.post",
    "pk": 3,
    "fields": {
      "user": 8,
      "category": "성적자기결정권",
      "title": "동의 없이 촬영된 영상이 퍼졌어요, 어떻게 해야 하나요?",
      "content": "얼마 전 지인에게 동의 없이 촬영된 제 영상이 유포되었다는 사실을 알게 되었습니다. 너무 충격적이고 정신적으로 힘든 상황입니다. 이런 경우 어떻게 대처해야 하는지, 영상을 삭제하고 유포자를 처벌할 수 있는 방법이 있는지 궁금합니다. 어디에 도움을 요청해야 할지도 막막하네요. 제발 도와주세요.",
      "created_at": "2025-06-27T06:15:00.902121",
      "updated_at": "2025-07-11T06:15:00.902128"
    }
  },
  {
    "model": "posts.post",
    "pk": 4,
    "fields": {
      "user": 2,
      "category": "성적자기결정권",
      "title": "성적 자기결정권이 뭔가요?",
      "content": "성적 자기결정권이라는 말을 자주 듣는데, 정확히 어떤 의미인지 잘 모르겠습니다. 제 몸과 성에 대한 권리라고 들었는데, 구체적으로 어떤 상황에서 어떻게 적용되는 건가요? 혹시 제가 모르는 사이에 이 권리가 침해당할 수도 있는 건지 궁금합니다. 자세한 설명 부탁드립니다.",
      "created_at": "2025-07-03T06:15:00.902175",
      "updated_at": "2025-07-11T06:15:00.902181"
    }
  },
  {
    "model": "posts.post",
    "pk": 5,
    "fields": {
      "user": 5,
      "category": "여성질환",
      "title": "질염 증상과 치료법이 궁금해요.",
      "content": "최근 들어 분비물에서 이상한 냄새가 나고 가려움증이 심해졌어요. 혹시 질염인 것 같아서 걱정됩니다. 질염의 일반적인 증상은 무엇이고, 어떤 종류의 질염이 있는지 궁금해요. 병원에 가지 않고 집에서 할 수 있는 치료법이나 예방법이 있을까요? 아니면 바로 병원에 가는 것이 좋을까요?",
      "created_at": "2025-06-12T06:15:00.902238",
      "updated_at": "2025-07-11T06:15:00.902244"
    }
  },
  {
    "model": "posts.post",
    "pk": 6,
    "fields": {
      "user": 8,
      "category": "여성질환",
      "title": "생리통이 너무 심한데 병원에 가야 하나요?",
      "content": "매달 생리통 때문에 일상생활이 힘들 정도로 고통스럽습니다. 진통제를 먹어도 소용이 없고, 허리까지 아파서 밤에 잠을 설치기도 해요. 친구들은 다들 생리통이 있다고 하는데, 이 정도면 병원에 가봐야 하는 수준일까요? 어떤 검사를 받고 어떤 치료를 받을 수 있는지 궁금합니다.",
      "created_at": "2025-07-08T06:15:00.902315",
      "updated_at": "2025-07-11T06:15:00.902321"
    }
  },
  {
    "model": "posts.post",
    "pk": 7,
    "fields": {
      "user": 7,
      "category": "여성질환",
      "title": "다낭성 난소증후군이 뭔가요?",
      "content": "최근 건강검진에서 다낭성 난소증후군일 가능성이 있다는 이야기를 들었습니다. 이름이 생소해서 정확히 어떤 질환인지 잘 모르겠어요. 증상은 어떤 것들이 있고, 어떻게 진단하며 치료는 어떻게 이루어지는지 궁금합니다. 앞으로 어떻게 관리해야 하는지도 알려주시면 감사하겠습니다.",
      "created_at": "2025-06-22T06:15:00.902372",
      "updated_at": "2025-07-11T06:15:00.902376"
    }
  },
  {
    "model": "posts.post",
    "pk": 8,
    "fields": {
      "user": 9,
      "category": "여성질환",
      "title": "자궁근종은 어떤 병인가요?",
      "content": "엄마가 최근 건강검진에서 자궁근종이 있다고 진단받으셨어요. 혹시 저에게도 유전될 수 있는 질환인지 걱정됩니다. 자궁근종은 어떤 병이고, 주로 어떤 증상이 나타나며, 치료는 어떻게 하는지 궁금합니다. 예방할 수 있는 방법은 없을까요? 자궁근종에 대해 자세히 알고 싶습니다.",
      "created_at": "2025-07-11T06:15:00.902417",
      "updated_at": "2025-07-11T06:15:00.902421"
    }
  },
  {
    "model": "posts.post",
    "pk": 9,
    "fields": {
      "user": 6,
      "category": "피임/임신",
      "title": "피임약을 매일 먹어야 하나요?",
      "content": "경구 피임약을 복용할 생각인데, 매일 정해진 시간에 먹어야 하는지 궁금합니다. 혹시 하루라도 빼먹으면 피임 효과가 없어지는 건가요? 피임약 복용 시 주의해야 할 점이나 부작용이 있다면 어떤 것이 있을까요? 올바른 피임약 복용법에 대해 자세히 알려주세요.",
      "created_at": "2025-06-19T06:15:00.902478",
      "updated_at": "2025-07-11T06:15:00.902481"
    }
  },
  {
    "model": "posts.post",
    "pk": 10,
    "fields": {
      "user": 3,
      "category": "피임/임신",
      "title": "콘돔이 찢어졌어요, 어떻게 해야 하나요?",
      "content": "어젯밤 남자친구와 관계 중 콘돔이 찢어졌습니다. 혹시 임신이 될까 봐 너무 불안하고 걱정돼요. 이런 경우 어떻게 대처해야 하나요? 사후피임약을 복용해야 하는 건지, 아니면 다른 방법이 있는지 궁금합니다. 최대한 빨리 답변 부탁드립니다.",
      "created_at": "2025-07-08T06:15:00.902867",
      "updated_at": "2025-07-11T06:15:00.902877"
    }
  },
  {
    "model": "posts.post",
    "pk": 11,
    "fields": {
      "user": 7,
      "category": "피임/임신",
      "title": "사후피임약은 어떻게 구하나요?",
      "content": "급하게 사후피임약이 필요해서 알아보는데, 처방전이 있어야 한다고 들었어요. 산부인과에 가서 어떻게 이야기해야 하고, 약값은 어느 정도 하는지 궁금합니다. 혹시 응급실에서도 처방받을 수 있는 건가요? 최대한 빨리 구할 수 있는 방법을 알려주세요.",
      "created_at": "2025-07-02T06:15:00.902938",
      "updated_at": "2025-07-11T06:15:00.902942"
    }
  },
  {
    "model": "posts.post",
    "pk": 12,
    "fields": {
      "user": 9,
      "category": "피임/임신",
      "title": "임신 가능성이 있는 날짜가 궁금해요.",
      "content": "생리 주기가 불규칙해서 임신 가능성이 높은 날짜를 계산하기 어렵습니다. 배란일 계산기를 사용해봐도 정확한지 확신이 안 서요. 생리 주기가 불규칙할 때 임신 가능성이 있는 날짜를 파악하는 방법이 있을까요? 아니면 산부인과에 가서 진료를 받아보는 것이 좋을까요? 안전한 피임을 위해 정확한 정보가 필요합니다.",
      "created_at": "2025-06-28T06:15:00.902974",
      "updated_at": "2025-07-11T06:15:00.902980"
    }
  },
  {
    "model": "posts.post",
    "pk": 13,
    "fields": {
      "user": 9,
      "category": "생리",
      "title": "생리 불순이 왜 생기나요?",
      "content": "원래 생리 주기가 규칙적이었는데, 최근 몇 달 동안 생리 주기가 들쭉날쭉하고 양도 달라졌어요. 스트레스 때문인지, 아니면 건강에 이상이 생긴 건지 걱정됩니다. 생리 불순이 발생하는 일반적인 원인은 무엇이고, 어떤 경우에 병원에 가봐야 할까요? 식습관이나 생활 습관과도 관련이 있는지 궁금합니다.",
      "created_at": "2025-06-22T06:15:00.903062",
      "updated_at": "2025-07-11T06:15:00.903066"
    }
  },
  {
    "model": "posts.post",
    "pk": 14,
    "fields": {
      "user": 7,
      "category": "생리",
      "title": "생리대 말고 다른 생리용품이 있나요?",
      "content": "매번 생리대를 사용하는 것이 불편해서 다른 생리용품에 관심이 생겼습니다. 탐폰이나 생리컵 등 다양한 제품이 있다고 들었는데, 각각의 장단점은 무엇인지 궁금합니다. 사용법이나 위생 관리는 어떻게 해야 하는지도 알려주시면 감사하겠습니다. 저에게 맞는 생리용품을 찾고 싶어요.",
      "created_at": "2025-06-19T06:15:00.903093",
      "updated_at": "2025-07-11T06:15:00.903096"
    }
  },
  {
    "model": "posts.post",
    "pk": 15,
    "fields": {
      "user": 9,
      "category": "생리",
      "title": "생리 중 운동해도 되나요?",
      "content": "생리 중에는 운동을 쉬어야 한다는 이야기를 많이 들었는데, 정말 그런가요? 가벼운 유산소 운동이나 스트레칭은 괜찮은지 궁금합니다. 생리통이 심할 때는 운동이 오히려 도움이 된다는 말도 있어서 헷갈리네요. 생리 중 안전하게 운동하는 방법이나 피해야 할 운동이 있다면 알려주세요.",
      "created_at": "2025-06-15T06:15:00.903132",
      "updated_at": "2025-07-11T06:15:00.903135"
    }
  },
  {
    "model": "posts.post",
    "pk": 16,
    "fields": {
      "user": 2,
      "category": "생리",
      "title": "생리혈 색이 이상한데 괜찮은가요?",
      "content": "평소와 다르게 생리혈 색이 너무 어둡거나 덩어리가 많이 섞여 나오는 것 같습니다. 혹시 건강에 문제가 생긴 건 아닐까 걱정돼요. 생리혈 색깔로 건강 상태를 알 수 있다고 들었는데, 어떤 색이 정상이고 어떤 색이 문제가 있는 건가요? 어떤 경우에 병원에 가봐야 할지 알려주세요.",
      "created_at": "2025-06-20T06:15:00.903197",
      "updated_at": "2025-07-11T06:15:00.903201"
    }
  },
  {
    "model": "posts.post",
    "pk": 17,
    "fields": {
      "user": 6,
      "category": "기타",
      "title": "여성 검진은 어디서 받을 수 있나요?",
      "content": "산부인과 검진을 받아야 할 것 같은데, 어디서 받아야 할지 잘 모르겠습니다. 일반 병원에서도 가능한지, 아니면 여성 전문 병원을 찾아야 하는지 궁금해요. 검진 항목은 어떤 것들이 있고, 비용은 어느 정도 드나요? 처음이라 모든 것이 낯설어서 조언 부탁드립니다.",
      "created_at": "2025-06-18T06:15:00.903247",
      "updated_at": "2025-07-11T06:15:00.903250"
    }
  },
  {
    "model": "posts.post",
    "pk": 18,
    "fields": {
      "user": 1,
      "category": "기타",
      "title": "산부인과 진료가 무서워요.",
      "content": "산부인과에 가는 것이 너무 무섭고 꺼려집니다. 진료 과정이 두렵고, 혹시 안 좋은 결과가 나올까 봐 걱정돼요. 산부인과에 대한 막연한 두려움을 극복할 수 있는 방법이 있을까요? 처음 방문하는 사람들을 위한 팁이나 진료 시 마음을 편하게 가질 수 있는 조언을 부탁드립니다.",
      "created_at": "2025-06-13T06:15:00.903314",
      "updated_at": "2025-07-11T06:15:00.903319"
    }
  },
  {
    "model": "posts.post",
    "pk": 19,
    "fields": {
      "user": 6,
      "category": "기타",
      "title": "여성 전용 병원이 있나요?",
      "content": "여성 전문 병원이 따로 있다는 말을 들었는데, 일반 병원과 어떤 점이 다른가요? 여성 전용 병원에 가면 더 편안하게 진료를 받을 수 있을지 궁금합니다. 혹시 특정 질환에 특화된 여성 전문 병원이 있다면 추천해주실 수 있나요? 여성 전용 병원에 대해 자세히 알고 싶습니다.",
      "created_at": "2025-06-21T06:15:00.903389",
      "updated_at": "2025-07-11T06:15:00.903396"
    }
  },
  {
    "model": "posts.post",
    "pk": 20,
    "fields": {
      "user": 9,
      "category": "기타",
      "title": "건강검진에 여성 관련 항목이 포함되나요?",
      "content": "회사에서 건강검진을 받으라고 하는데, 여성이라면 어떤 항목을 추가로 받아야 할지 모르겠습니다. 기본 건강검진에 여성 관련 항목이 포함되어 있는지, 아니면 별도로 신청해야 하는지 궁금해요. 유방암이나 자궁경부암 검사 등은 언제부터 받아야 하는지도 알려주시면 감사하겠습니다. 건강검진 계획을 세우는 데 도움이 필요해요.",
      "created_at": "2025-06-13T06:15:00.903462",
      "updated_at": "2025-07-11T06:15:00.903466"
    }
  },
  {
    "model": "posts.comment",
    "pk": 1,
    "fields": {
      "post": 1,
      "user": 9,
      "content": "성적 자기결정권은 누구에게나 있습니다. 원하지 않는 성관계는 언제든 거부할 수 있으며, 이는 당연한 권리입니다. 남자친구분에게 본인의 감정을 솔직하게 전달하고, 강요하는 행위는 데이트 폭력에 해당할 수 있음을 인지시켜야 합니다. 만약 계속해서 강요한다면 전문가의 도움을 받는 것을 고려해 보세요. 건강한 관계는 상호 존중과 동의를 기반으로 합니다.",
      "created_at": "2025-07-11T06:15:00.901981",
      "is_deleted": false,
      "parent_comment": null
    }
  },
  {
    "model": "posts.comment",
    "pk": 2,
    "fields": {
      "post": 1,
      "user": 8,
      "content": "상대방의 의사에 반하는 성적 행위는 동의 없는 성폭력으로 간주될 수 있습니다. 성관계는 상호 동의가 있어야만 하며, 한쪽이라도 원하지 않는다면 즉시 중단해야 합니다. 남자친구분께 솔직하게 불편한 감정을 전달하고, 만약 상황이 개선되지 않는다면 주변의 도움을 받는 것이 중요합니다. 여성긴급전화 1366 등 상담기관의 도움을 받아보세요.",
      "created_at": "2025-07-11T06:15:00.901998",
      "is_deleted": false,
      "parent_comment": null
    }
  },
  {
    "model": "posts.comment",
    "pk": 3,
    "fields": {
      "post": 1,
      "user": 2,
      "content": "저도 비슷한 경험이 있는데, 솔직하게 말하는 게 제일 중요하더라고요. 상대방도 제 마음을 모르고 그럴 수 있으니까, '지금은 좀 피곤해서 쉬고 싶다'거나 '다음에 하고 싶다'는 식으로 부드럽게 이야기해보는 건 어떨까요?",
      "created_at": "2025-07-11T06:15:00.902012",
      "is_deleted": false,
      "parent_comment": null
    }
  },
  {
    "model": "posts.comment",
    "pk": 4,
    "fields": {
      "post": 2,
      "user": 7,
      "content": "원치 않는 스킨십을 피하기 위해서는 명확하고 단호한 의사 표현이 가장 중요합니다. 불편함을 느낄 때 바로 '죄송하지만 만지지 말아 주세요' 또는 '저는 스킨십을 좋아하지 않습니다'와 같이 직접적으로 말하는 연습을 해보세요. 상대방의 기분을 배려하기보다는 자신의 경계를 지키는 것이 우선입니다. 필요하다면 주변 사람들에게 도움을 요청하거나, 상사에게 이 상황을 알리는 것도 방법입니다.",
      "created_at": "2025-07-11T06:15:00.902071",
      "is_deleted": false,
      "parent_comment": null
    }
  },
  {
    "model": "posts.comment",
    "pk": 5,
    "fields": {
      "post": 2,
      "user": 1,
      "content": "저도 직장에서 비슷한 일을 겪었는데, 그냥 피하는 게 상책이더라고요. 아니면 '어휴, 제가 간지럼을 많이 타서요!' 하면서 농담처럼 넘겨버리는 방법도 있어요. 불편한 티를 내는 것도 중요하다고 생각해요.",
      "created_at": "2025-07-11T06:15:00.902088",
      "is_deleted": false,
      "parent_comment": null
    }
  },
  {
    "model": "posts.comment",
    "pk": 6,
    "fields": {
      "post": 3,
      "user": 8,
      "content": "동의 없이 촬영된 영상이 유포된 것은 심각한 성범죄입니다. 즉시 경찰청 사이버수사대에 신고하시고, 여성긴급전화 1366이나 해바라기센터 등 성폭력 피해자 지원기관에 연락하여 법률 및 심리 상담을 받으셔야 합니다. 유포된 영상을 삭제하고 추가 유포를 막기 위한 디지털 장의사 서비스를 이용하는 것도 고려해볼 수 있습니다. 혼자 감당하지 마시고 반드시 전문가의 도움을 받으세요.",
      "created_at": "2025-07-11T06:15:00.902152",
      "is_deleted": false,
      "parent_comment": null
    }
  },
  {
    "model": "posts.comment",
    "pk": 7,
    "fields": {
      "post": 4,
      "user": 9,
      "content": "성적 자기결정권은 개인이 자신의 몸과 성에 대해 스스로 결정하고 통제할 수 있는 권리입니다. 이는 성관계, 스킨십, 피임, 임신, 출산 등 모든 성적 영역에 걸쳐 적용됩니다. 다른 사람의 동의 없이 성적인 접촉을 하거나, 성적인 행위를 강요하는 것은 모두 이 권리를 침해하는 행위입니다. 이 권리는 누구에게나 있으며, 존중받아야 합니다.",
      "created_at": "2025-07-11T06:15:00.902203",
      "is_deleted": false,
      "parent_comment": null
    }
  },
  {
    "model": "posts.comment",
    "pk": 8,
    "fields": {
      "post": 5,
      "user": 7,
      "content": "질염은 여성들이 흔히 겪는 질환 중 하나입니다. 말씀하신 분비물 이상, 가려움증은 질염의 흔한 증상으로, 세균성 질염이나 칸디다성 질염일 가능성이 높습니다. 자가 진단이나 민간요법보다는 산부인과에 방문하여 정확한 진단과 치료를 받는 것이 중요합니다. 질염은 방치하면 만성으로 진행되거나 다른 합병증을 유발할 수 있으므로, 반드시 전문의와 상담하시길 권합니다.",
      "created_at": "2025-07-11T06:15:00.902265",
      "is_deleted": false,
      "parent_comment": null
    }
  },
  {
    "model": "posts.comment",
    "pk": 9,
    "fields": {
      "post": 5,
      "user": 4,
      "content": "저도 전에 질염 때문에 고생했는데, 병원 가는 게 제일 빠르고 정확해요! 괜히 혼자 고민하지 말고 바로 산부인과 가보세요. 약 먹으면 금방 괜찮아질 거예요.",
      "created_at": "2025-07-11T06:15:00.902286",
      "is_deleted": false,
      "parent_comment": null
    }
  },
  {
    "model": "posts.comment",
    "pk": 10,
    "fields": {
      "post": 6,
      "user": 8,
      "content": "생리통이 일상생활에 지장을 줄 정도로 심하다면 반드시 병원에 방문하여 정확한 진단을 받아보셔야 합니다. 단순히 진통제로 버티는 것은 근본적인 해결책이 아니며, 자궁내막증, 자궁선근증, 자궁근종 등 심각한 여성 질환의 신호일 수 있습니다. 초음파 검사 등을 통해 원인을 파악하고, 필요에 따라 약물치료나 다른 치료법을 고려할 수 있습니다. 참지 마시고 꼭 진료를 받아보세요.",
      "created_at": "2025-07-11T06:15:00.902336",
      "is_deleted": false,
      "parent_comment": null
    }
  },
  {
    "model": "posts.comment",
    "pk": 11,
    "fields": {
      "post": 6,
      "user": 5,
      "content": "진짜 심하면 병원 가봐야 해요! 저도 그냥 참다가 나중에 더 고생했어요. 저도 진통제 안 들을 때 있었는데, 그때 병원 가니까 자궁근종 초기라고 하더라고요. 미리 가서 검사받는 게 마음도 편하고 좋아요.",
      "created_at": "2025-07-11T06:15:00.902349",
      "is_deleted": false,
      "parent_comment": null
    }
  },
  {
    "model": "posts.comment",
    "pk": 12,
    "fields": {
      "post": 7,
      "user": 9,
      "content": "다낭성 난소증후군은 가임기 여성에게 흔히 나타나는 내분비 질환으로, 생리 불규칙, 고안드로겐혈증(여드름, 다모증), 다낭성 난소 형태 등이 특징입니다. 진단은 주로 호르몬 검사, 초음파 검사를 통해 이루어지며, 치료는 증상 완화와 합병증 예방을 목표로 합니다. 생리 조절을 위한 경구 피임약, 인슐린 저항성 개선을 위한 약물, 생활 습관 개선(체중 감량, 운동) 등이 중요합니다. 지속적인 관리가 필요하니 전문의와 상담하여 꾸준히 관리하세요.",
      "created_at": "2025-07-11T06:15:00.902392",
      "is_deleted": false,
      "parent_comment": null
    }
  },
  {
    "model": "posts.comment",
    "pk": 13,
    "fields": {
      "post": 8,
      "user": 9,
      "content": "자궁근종은 자궁에 생기는 양성 종양으로, 가임기 여성의 20~40%에서 발견될 정도로 흔합니다. 모든 근종이 증상을 유발하는 것은 아니며, 주요 증상으로는 생리량 과다, 생리통 심화, 골반 통증, 빈뇨, 변비 등이 있습니다. 진단은 주로 초음파 검사로 이루어지며, 치료는 근종의 크기, 위치, 증상, 환자의 연령 및 임신 계획에 따라 달라집니다. 약물치료, 비수술적 치료(하이푸, 자궁동맥색전술), 수술적 치료(근종절제술, 자궁적출술) 등이 있습니다. 자궁근종은 유전적 요인보다는 여성 호르몬의 영향이 크다고 알려져 있습니다. 주기적인 검진을 통해 조기에 발견하는 것이 중요합니다.",
      "created_at": "2025-07-11T06:15:00.902435",
      "is_deleted": false,
      "parent_comment": null
    }
  },
  {
    "model": "posts.comment",
    "pk": 14,
    "fields": {
      "post": 8,
      "user": 7,
      "content": "어머니께 자궁근종이 있으시다고 해서 걱정이 많으시겠어요. 저도 저희 엄마가 자궁근종 때문에 수술하셨거든요. 보통 유전이라고 딱 잘라 말하기는 어렵지만, 가족력이 있으면 좀 더 주의해서 정기 검진을 받는 게 좋다고 들었어요. 너무 걱정 마시고 산부인과에서 꾸준히 검사받으시면 괜찮을 거예요.",
      "created_at": "2025-07-11T06:15:00.902447",
      "is_deleted": false,
      "parent_comment": null
    }
  },
  {
    "model": "posts.comment",
    "pk": 15,
    "fields": {
      "post": 8,
      "user": 8,
      "content": "자궁근종은 매우 흔한 질환이며 대부분 양성이니 너무 걱정하지 마세요. 다만, 증상이 심해지거나 크기가 커지면 치료가 필요할 수 있습니다. 정기적인 산부인과 검진을 통해 자궁근종의 유무와 변화를 확인하는 것이 가장 중요합니다. 필요에 따라 MRI 등의 정밀 검사를 통해 정확한 상태를 파악할 수 있습니다.",
      "created_at": "2025-07-11T06:15:00.902460",
      "is_deleted": false,
      "parent_comment": null
    }
  },
  {
    "model": "posts.comment",
    "pk": 16,
    "fields": {
      "post": 9,
      "user": 9,
      "content": "네, 경구 피임약은 매일 정해진 시간에 복용하는 것이 가장 중요합니다. 피임약은 호르몬 농도를 일정하게 유지해야 피임 효과를 최대로 볼 수 있기 때문입니다. 하루라도 복용을 잊었다면, 12시간 이내라면 즉시 약을 복용하고 다음 약은 원래 시간에 복용합니다. 12시간 이상 지났다면 피임 효과가 떨어질 수 있으므로 추가적인 피임법을 사용하고 전문의와 상담하는 것이 좋습니다. 부작용으로는 메스꺼움, 두통, 유방 통증 등이 있을 수 있습니다.",
      "created_at": "2025-07-11T06:15:00.902495",
      "is_deleted": false,
      "parent_comment": null
    }
  },
  {
    "model": "posts.comment",
    "pk": 17,
    "fields": {
      "post": 9,
      "user": 6,
      "content": "매일 같은 시간에 먹는 게 중요하다고 하더라고요! 저는 알람 맞춰놓고 먹어요. 깜빡하면 불안해서요. 그리고 처음 먹을 때는 좀 울렁거릴 수도 있다고 하니 너무 걱정 마세요.",
      "created_at": "2025-07-11T06:15:00.902507",
      "is_deleted": false,
      "parent_comment": null
    }
  },
  {
    "model": "posts.comment",
    "pk": 18,
    "fields": {
      "post": 9,
      "user": 7,
      "content": "피임약 복용 시에는 반드시 복용 설명서를 꼼꼼히 읽고 지시사항을 따르는 것이 중요합니다. 혹시 복용을 잊었거나 구토, 설사 등으로 약 흡수에 문제가 있었다면, 약효가 감소할 수 있으니 다음 생리 전까지는 콘돔과 같은 다른 피임법을 병행하는 것이 안전합니다. 피임약은 개인차가 크므로, 자신에게 맞는 약과 복용법에 대해 산부인과 전문의와 상담하는 것이 좋습니다.",
      "created_at": "2025-07-11T06:15:00.902736",
      "is_deleted": false,
      "parent_comment": null
    }
  },
  {
    "model": "posts.comment",
    "pk": 19,
    "fields": {
      "post": 10,
      "user": 9,
      "content": "콘돔이 찢어졌다면 임신 가능성이 있으므로 최대한 빨리 사후피임약을 복용하는 것이 중요합니다. 사후피임약은 성관계 후 72시간 또는 120시간 이내에 복용해야 효과가 있으며, 시간이 지날수록 효과가 감소합니다. 가까운 산부인과에 방문하여 의사의 진찰 후 처방받을 수 있습니다. 가능한 한 빨리 방문하시는 것이 좋습니다.",
      "created_at": "2025-07-11T06:15:00.902900",
      "is_deleted": false,
      "parent_comment": null
    }
  },
  {
    "model": "posts.comment",
    "pk": 20,
    "fields": {
      "post": 10,
      "user": 3,
      "content": "너무 놀랐겠어요! 저도 전에 그런 적 있었는데, 바로 산부인과 가서 사후피임약 처방받았어요. 빨리 갈수록 효과가 좋다고 하니 망설이지 말고 지금 당장 병원 가보는 게 좋을 것 같아요.",
      "created_at": "2025-07-11T06:15:00.902919",
      "is_deleted": false,
      "parent_comment": null
    }
  },
  {
    "model": "posts.comment",
    "pk": 21,
    "fields": {
      "post": 12,
      "user": 8,
      "content": "생리 주기가 불규칙한 경우 임신 가능성이 있는 날짜를 정확히 예측하기 어렵습니다. 이럴 때는 배란 테스트기 사용, 기초 체온 측정 등 보조적인 방법을 활용하거나, 산부인과에서 호르몬 검사나 초음파 검사를 통해 배란일을 확인하는 것이 가장 정확합니다. 임신을 원치 않는다면 규칙적인 피임이 중요하며, 피임 방법에 대해 전문의와 상담하여 본인에게 맞는 방법을 찾는 것이 좋습니다.",
      "created_at": "2025-07-11T06:15:00.903000",
      "is_deleted": false,
      "parent_comment": null
    }
  },
  {
    "model": "posts.comment",
    "pk": 22,
    "fields": {
      "post": 12,
      "user": 7,
      "content": "불규칙한 생리 주기 때문에 임신 가능일 예측이 어렵다면, 산부인과에 방문하여 호르몬 불균형 여부를 확인하고 전문의의 도움을 받는 것이 가장 정확하고 안전합니다. 또한, 임신을 피하고자 한다면 생리 주기에 관계없이 항상 피임을 하는 것이 중요합니다. 다양한 피임법에 대해 상담받아보시는 것을 권합니다.",
      "created_at": "2025-07-11T06:15:00.903019",
      "is_deleted": false,
      "parent_comment": null
    }
  },
  {
    "model": "posts.comment",
    "pk": 23,
    "fields": {
      "post": 12,
      "user": 2,
      "content": "저도 생리 주기가 들쑥날쑥해서 임신 날짜 계산하기가 너무 어렵더라고요. 그냥 안전하게 콘돔 꾸준히 쓰는 게 제일 마음 편한 것 같아요. 배란 테스트기도 써봤는데 정확한지 잘 모르겠고...",
      "created_at": "2025-07-11T06:15:00.903038",
      "is_deleted": false,
      "parent_comment": null
    }
  },
  {
    "model": "posts.comment",
    "pk": 24,
    "fields": {
      "post": 13,
      "user": 7,
      "content": "생리 불순은 스트레스, 급격한 체중 변화, 과도한 운동, 다낭성 난소증후군, 갑상선 질환, 자궁 질환 등 다양한 원인에 의해 발생할 수 있습니다. 일시적인 스트레스라면 괜찮을 수 있지만, 몇 달간 지속되거나 생리량이 급격히 변했다면 반드시 산부인과에 방문하여 정확한 원인을 파악하고 치료를 받는 것이 중요합니다. 건강한 식습관과 규칙적인 생활 습관을 유지하는 것도 생리 주기를 안정화하는 데 도움이 됩니다.",
      "created_at": "2025-07-11T06:15:00.903079",
      "is_deleted": false,
      "parent_comment": null
    }
  },
  {
    "model": "posts.comment",
    "pk": 25,
    "fields": {
      "post": 14,
      "user": 8,
      "content": "생리대 외에도 탐폰, 생리컵, 면 생리대, 생리 팬티 등 다양한 생리용품이 있습니다. 탐폰은 삽입형으로 활동성이 높고 착용감이 편하지만, 삽입과 제거에 익숙해지는 시간이 필요하며 독성쇼크증후군 위험이 있어 주의해야 합니다. 생리컵은 반영구적으로 사용할 수 있어 친환경적이고 경제적이지만, 역시 사용법을 익히고 위생 관리에 신경 써야 합니다. 면 생리대와 생리 팬티는 피부 자극이 적고 편안하지만 세탁 관리가 필요합니다. 각 제품의 장단점을 고려하여 본인의 생활 방식과 몸에 맞는 것을 선택하는 것이 중요합니다.",
      "created_at": "2025-07-11T06:15:00.903109",
      "is_deleted": false,
      "parent_comment": null
    }
  },
  {
    "model": "posts.comment",
    "pk": 26,
    "fields": {
      "post": 15,
      "user": 8,
      "content": "생리 중 운동은 개인의 컨디션에 따라 다릅니다. 생리통이 심하거나 몸이 힘들다면 무리한 운동은 피하고 휴식을 취하는 것이 좋습니다. 하지만 가벼운 유산소 운동(걷기, 가벼운 조깅)이나 스트레칭은 혈액순환을 촉진하고 엔도르핀 분비를 도와 생리통 완화에 도움이 될 수 있습니다. 복압을 높이는 과격한 운동이나 장시간 엎드리는 자세는 피하는 것이 좋습니다. 자신의 몸 상태에 귀 기울이며 무리하지 않는 선에서 운동하는 것이 중요합니다.",
      "created_at": "2025-07-11T06:15:00.903147",
      "is_deleted": false,
      "parent_comment": null
    }
  },
  {
    "model": "posts.comment",
    "pk": 27,
    "fields": {
      "post": 15,
      "user": 7,
      "content": "생리 중 운동은 개인차가 크지만, 일반적으로 가벼운 운동은 도움이 될 수 있습니다. 다만, 생리통이 너무 심하거나 출혈량이 많다면 운동 강도를 조절하거나 쉬는 것이 좋습니다. 특히 수영의 경우 위생 문제나 감염 위험이 있을 수 있으니 주의해야 합니다. 자신의 몸 상태를 잘 살피고, 무리하지 않는 선에서 운동을 지속하는 것이 중요합니다.",
      "created_at": "2025-07-11T06:15:00.903158",
      "is_deleted": false,
      "parent_comment": null
    }
  },
  {
    "model": "posts.comment",
    "pk": 28,
    "fields": {
      "post": 15,
      "user": 5,
      "content": "저는 생리통 심할 때 오히려 가벼운 요가나 스트레칭 하면 좀 풀리는 느낌이 들더라고요. 근데 사람마다 다르니까 너무 아프면 그냥 쉬는 게 최고예요!",
      "created_at": "2025-07-11T06:15:00.903171",
      "is_deleted": false,
      "parent_comment": null
    }
  },
  {
    "model": "posts.comment",
    "pk": 29,
    "fields": {
      "post": 16,
      "user": 8,
      "content": "생리혈 색깔은 건강 상태를 나타내는 중요한 지표 중 하나입니다. 선명한 붉은색은 정상적인 생리혈이지만, 갈색이나 검붉은색은 혈액이 오래되어 산화된 것으로, 생리 시작이나 끝 무렵에 흔히 나타날 수 있습니다. 하지만 생리 기간 내내 검붉은색이거나 덩어리가 유난히 많다면 자궁 내 문제나 호르몬 불균형을 의심해볼 수 있습니다. 평소와 다른 변화가 지속된다면 산부인과에 방문하여 진료를 받아보시는 것이 좋습니다.",
      "created_at": "2025-07-11T06:15:00.903214",
      "is_deleted": false,
      "parent_comment": null
    }
  },
  {
    "model": "posts.comment",
    "pk": 30,
    "fields": {
      "post": 16,
      "user": 2,
      "content": "저도 가끔 생리혈 색깔이 좀 다르게 나와서 걱정했는데, 보통 생리 시작이랑 끝에는 갈색으로 나오기도 한다고 하더라고요. 그래도 너무 걱정되면 병원 가보는 게 제일 확실해요!",
      "created_at": "2025-07-11T06:15:00.903225",
      "is_deleted": false,
      "parent_comment": null
    }
  },
  {
    "model": "posts.comment",
    "pk": 31,
    "fields": {
      "post": 17,
      "user": 7,
      "content": "여성 검진은 일반 산부인과나 여성 전문 병원에서 모두 가능합니다. 여성 전문 병원은 여성 질환에 특화된 진료를 받을 수 있다는 장점이 있지만, 일반 산부인과도 기본적인 여성 검진을 충분히 수행합니다. 검진 항목은 나이와 증상에 따라 다르지만, 일반적으로 자궁경부암 검사(자궁 세포진 검사), 유방 검사, 질 초음파 검사 등이 포함됩니다. 비용은 비급여 항목에 따라 달라질 수 있으니, 방문 전에 미리 문의하시는 것이 좋습니다. 처음이라면 여성 전문 병원에서 편안하게 진료받는 것을 추천합니다.",
      "created_at": "2025-07-11T06:15:00.903267",
      "is_deleted": false,
      "parent_comment": null
    }
  },
  {
    "model": "posts.comment",
    "pk": 32,
    "fields": {
      "post": 17,
      "user": 6,
      "content": "저는 그냥 집 근처 산부인과에서 받았어요! 미리 전화해서 건강검진 항목이랑 비용 물어보면 친절하게 알려주더라고요. 처음이라도 걱정 말고 가보세요. 생각보다 별거 아니에요!",
      "created_at": "2025-07-11T06:15:00.903284",
      "is_deleted": false,
      "parent_comment": null
    }
  },
  {
    "model": "posts.comment",
    "pk": 33,
    "fields": {
      "post": 18,
      "user": 7,
      "content": "산부인과 진료에 대한 두려움은 많은 여성들이 느끼는 감정입니다. 이를 극복하기 위해서는 충분한 정보를 얻고, 신뢰할 수 있는 병원을 선택하는 것이 중요합니다. 방문 전에 미리 전화로 궁금한 점을 문의하거나, 여성 전문의가 있는 병원을 선택하는 것도 도움이 됩니다. 진료 중에는 의사에게 솔직하게 불안감을 표현하고, 불편한 점이 있다면 언제든지 이야기하세요. 진료는 건강을 위한 것이니 너무 두려워하지 마시고 용기를 내어 방문하시길 바랍니다.",
      "created_at": "2025-07-11T06:15:00.903340",
      "is_deleted": false,
      "parent_comment": null
    }
  },
  {
    "model": "posts.comment",
    "pk": 34,
    "fields": {
      "post": 18,
      "user": 9,
      "content": "산부인과 방문이 두려울 수 있지만, 여성 건강을 위해 매우 중요합니다. 처음 방문 시에는 친절한 병원을 선택하는 것이 좋고, 미리 진료 절차를 알아보고 가는 것도 도움이 됩니다. 필요하다면 보호자와 함께 방문하는 것도 좋은 방법입니다. 의사 선생님과 충분히 소통하며 편안한 분위기에서 진료를 받으실 수 있도록 노력해 보세요.",
      "created_at": "2025-07-11T06:15:00.903361",
      "is_deleted": false,
      "parent_comment": null
    }
  }
]